84712	729529	0.1161187561
67132	729529	0.0920210163
45521	729529	0.0623977936
11986	729529	0.0164297787
14998	729529	0.0205584699
4752	729529	0.0065137918
5500	729529	0.0075391109
5368	729529	0.0073581722
8079	729529	0.0110742685
6778	729529	0.0092909261
3869.3	729529	0.005303833
84712	729529	0.1161187561
7221	729529	0.0098981672
1390.5	729529	0.0019060243
2162.6	729529	0.0029643784
5824	729529	0.007983233
1808.6	729529	0.0024791338
3873.9	729529	0.0053101385
7880	729529	0.0108014897
1997.8	729529	0.0027384792
1966.2	729529	0.0026951636
897.6	729529	0.0012303829
753.1	729529	0.0010323099
1330.4	729529	0.0018236424
2340.7	729529	0.0032085085
824.6	729529	0.0011303183
1236.1	729529	0.0016943809
2469.1	729529	0.0033845125
961.5	729529	0.0013179737
1057.5	729529	0.0014495654
1956.2	729529	0.0026814561
3450.8	729529	0.0047301752
1218.5	729529	0.0016702557
909	729529	0.0012460094
1487.6	729529	0.0020391239
854.7	729529	0.0011715778
717.8	729529	0.0009839225
1718.5	729529	0.0023556295
1525.9	729529	0.0020916235
630.5	729529	0.0008642563
602	729529	0.00082519
517.8	729529	0.000709773
558.7	729529	0.0007658366
776.9	729529	0.0010649337
1721.1	729529	0.0023591934
492.3	729529	0.000674819
1176.8	729529	0.0016130956
960.1	729529	0.0013160546
664.8	729529	0.0009112729
1422.1	729529	0.0019493399
442.9	729529	0.000607104
1561.6	729529	0.0021405592
524.9	729529	0.0007195053
342.4	729529	0.0004693439
792	729529	0.001085632
347.4	729529	0.0004761977
369.3	729529	0.000506217
619.7	729529	0.0008494522
973.2	729529	0.0013340114
573.5	729529	0.0007861236
772.6	729529	0.0010590395
329.5	729529	0.0004516613
634.6	729529	0.0008698763
393.6	729529	0.0005395262
556.9	729529	0.0007633692
949.6	729529	0.0013016618
523.9	729529	0.0007181346
566.3	729529	0.0007762543
613	729529	0.0008402682
296.6	729529	0.0004065637
573.4	729529	0.0007859866
803.9	729529	0.0011019439
321.1	729529	0.000440147
374.5	729529	0.0005133449
1075	729529	0.0014735535
324	729529	0.0004441222
554.9	729529	0.0007606277
312.6	729529	0.0004284956
537.4	729529	0.0007366397
543	729529	0.0007443159
538.1	729529	0.0007375992
892.3	729529	0.0012231179
282.7	729529	0.0003875103
483.6	729529	0.0006628935
606.1	729529	0.00083081
440.1	729529	0.0006032659
439.6	729529	0.0006025806
228.5	729529	0.0003132158
596.3	729529	0.0008173767
949.1	729529	0.0013009764
248.6	729529	0.0003407678
234.8	729529	0.0003218515
227.6	729529	0.0003119821
433.7	729529	0.0005944932
310.8	729529	0.0004260283
314.8	729529	0.0004315113
386.8	729529	0.0005302051
366.1	729529	0.0005018306
110.1	729529	0.0001509193
270.3	729529	0.000370513
202.6	729529	0.0002777134
352.6	729529	0.0004833255
899.6	729529	0.0012331244
199.6	729529	0.0002736012
4.05	729529	5.55152708117155E-006
166.9	729529	0.0002287777
377.9	729529	0.0005180055
78.4	729529	0.0001074666
374.7	729529	0.0005136191
387.1	729529	0.0005306163
636.5	729529	0.0008724807
134.9	729529	0.0001849138
384.8	729529	0.0005274636
252.6	729529	0.0003462508
311.7	729529	0.000427262
272.8	729529	0.0003739399
312.7	729529	0.0004286327
652.5	729529	0.0008944127
204.2	729529	0.0002799066
337.7	729529	0.0004629014
131	729529	0.0001795679
182.4	729529	0.0002500243
266.8	729529	0.0003657154
433.4	729529	0.0005940819
200.9	729529	0.0002753832
105.7	729529	0.000144888
395.7	729529	0.0005424048
267.6	729529	0.000366812
188.3	729529	0.0002581117
204.4	729529	0.0002801808
243	729529	0.0003330916
189.3	729529	0.0002594825
403.1	729529	0.0005525483
224.1	729529	0.0003071845
110.4	729529	0.0001513305
375.5	729529	0.0005147157
149.3	729529	0.0002046526
236	729529	0.0003234964
553.8	729529	0.0007591199
991	729529	0.0013584107
116.8	729529	0.0001601033
233.5	729529	0.0003200695
335	729529	0.0004592004
198.1	729529	0.0002715451
443.7	729529	0.0006082006
301.5	729529	0.0004132803
135.2	729529	0.0001853251
186.5	729529	0.0002556444
248.5	729529	0.0003406307
286.5	729529	0.0003927191
802.8	729529	0.001100436
257.4	729529	0.0003528304
167.5	729529	0.0002296002
192.1	729529	0.0002633206
202.7	729529	0.0002778505
116.3	729529	0.0001594179
702.9	729529	0.0009634984
206.9	729529	0.0002836076
306	729529	0.0004194487
785.3	729529	0.001076448
403.7	729529	0.0005533707
305.7	729529	0.0004190375
167.6	729529	0.0002297373
102	729529	0.0001398162
124.5	729529	0.0001706581
180.9	729529	0.0002479682
172.7	729529	0.0002367281
223.5	729529	0.0003063621
109.9	729529	0.0001506451
330.9	729529	0.0004535803
251	729529	0.0003440576
139.3	729529	0.0001909451
269.5	729529	0.0003694164
93.5	729529	0.0001281649
121.6	729529	0.0001666829
132.2	729529	0.0001812128
296.2	729529	0.0004060154
100.5	729529	0.0001377601
284.7	729529	0.0003902518
87.2	729529	0.0001195292
98.3	729529	0.0001347445
135.7	729529	0.0001860104
260.8	729529	0.0003574909
247.9	729529	0.0003398083
322	729529	0.0004413807
121.2	729529	0.0001661346
140.7	729529	0.0001928642
137.6	729529	0.0001886148
92.4	729529	0.0001266571
148.1	729529	0.0002030077
159	729529	0.0002179488
179.9	729529	0.0002465975
177.7	729529	0.0002435818
231.5	729529	0.000317328
329.5	729529	0.0004516613
97.6	729529	0.0001337849
279.5	729529	0.0003831239
96.3	729529	0.000132003
235.1	729529	0.0003222627
121.4	729529	0.0001664087
189.6	729529	0.0002598937
132.9	729529	0.0001821723
447.6	729529	0.0006135465
278.7	729529	0.0003820273
171.4	729529	0.0002349461
152.2	729529	0.0002086278
335.6	729529	0.0004600228
148.8	729529	0.0002039672
223.5	729529	0.0003063621
182.5	729529	0.0002501614
125.1	729529	0.0001714805
116	729529	0.0001590067
157.8	729529	0.0002163039
121.8	729529	0.000166957
268.6	729529	0.0003681828
126.6	729529	0.0001735366
146.3	729529	0.0002005403
64.1	729529	8.786491009953E-005
261	729529	0.0003577651
92.7	729529	0.0001270683
276.8	729529	0.0003794229
199.7	729529	0.0002737383
212.9	729529	0.0002918321
130.6	729529	0.0001790196
68.3	729529	0.000093622
315.9	729529	0.0004330191
95	729529	0.000130221
90.5	729529	0.0001240526
132.1	729529	0.0001810757
162.4	729529	0.0002226094
435.2	729529	0.0005965493
163.5	729529	0.0002241172
124.8	729529	0.0001710693
107	729529	0.00014667
103	729529	0.000141187
93.8	729529	0.0001285761
83.7	729529	0.0001147316
77.9	729529	0.0001067812
143.7	729529	0.0001969764
138.6	729529	0.0001899856
180.6	729529	0.000247557
193.5	729529	0.0002652396
304.7	729529	0.0004176667
554.7	729529	0.0007603536
308.1	729529	0.0004223273
246.3	729529	0.0003376151
458.1	729529	0.0006279394
127.7	729529	0.0001750444
249.8	729529	0.0003424127
107.4	729529	0.0001472183
134.6	729529	0.0001845026
77.4	729529	0.0001060959
123.1	729529	0.000168739
144.9	729529	0.0001986213
445.8	729529	0.0006110792
142.5	729529	0.0001953315
104	729529	0.0001425577
118.7	729529	0.0001627077
95.3	729529	0.0001306322
518	729529	0.0007100472
168.1	729529	0.0002304226
274.5	729529	0.0003762702
540.3	729529	0.0007406148
55.2	729529	7.56652579952271E-005
243.1	729529	0.0003332287
56.4	729529	7.73101549081668E-005
165.9	729529	0.000227407
414	729529	0.0005674894
73.9	729529	0.0001012982
103.9	729529	0.0001424207
58.7	729529	8.04628739913012E-005
166.3	729529	0.0002279553
37.98	729529	0.000052061
105.8	729529	0.0001450251
166.9	729529	0.0002287777
130.3	729529	0.0001786084
127.1	729529	0.000174222
81.4	729529	0.0001115788
105.5	729529	0.0001446139
145.5	729529	0.0001994438
84712	729529	0.1161187561
79.7	729529	0.0001092486
264.4	729529	0.0003624256
216	729529	0.0002960814
145.2	729529	0.0001990325
233.8	729529	0.0003204807
89.9	729529	0.0001232302
106.8	729529	0.0001463958
108.1	729529	0.0001481778
104.4	729529	0.000143106
117.4	729529	0.0001609257
119.1	729529	0.000163256
64.4	729529	8.82761343277649E-005
145.9	729529	0.000199992
119.3	729529	0.0001635302
141	729529	0.0001932754
108	729529	0.0001480407
143.8	729529	0.0001971135
196.5	729529	0.0002693519
237.2	729529	0.0003251413
92.7	729529	0.0001270683
267.2	729529	0.0003662637
86.1	729529	0.0001180214
47.1	729529	6.4562203832884E-005
169.8	729529	0.0002327529
81.1	729529	0.0001111676
72.7	729529	9.9653337975598E-005
228.8	729529	0.000313627
48.9	729529	6.70295492022935E-005
57.2	729529	7.84067528501266E-005
430.4	729529	0.0005899697
103	729529	0.000141187
126.1	729529	0.0001728513
236.3	729529	0.0003239076
141.7	729529	0.0001942349
80.2	729529	0.0001099339
159.5	729529	0.0002186342
145.5	729529	0.0001994438
125.7	729529	0.000172303
41.86	729529	5.73794873130472E-005
121.8	729529	0.000166957
267.9	729529	0.0003672232
223.7	729529	0.0003066362
221	729529	0.0003029352
199.9	729529	0.0002740124
85.8	729529	0.0001176101
98.2	729529	0.0001346074
65.3	729529	8.95098070124697E-005
143.2	729529	0.000196291
105.3	729529	0.0001443397
60.1	729529	8.23819203897309E-005
93.8	729529	0.0001285761
53.8	729529	7.37462115967974E-005
188.4	729529	0.0002582488
102.7	729529	0.0001407758
113.6	729529	0.0001557169
93.7	729529	0.000128439
97.6	729529	0.0001337849
39.15	729529	5.36647617846583E-005
94.5	729529	0.0001295356
68.5	729529	9.38961987803089E-005
80.3	729529	0.000110071
166.5	729529	0.0002282294
131.3	729529	0.0001799791
268.1	729529	0.0003674974
102.1	729529	0.0001399533
100.6	729529	0.0001378972
127	729529	0.0001740849
144.4	729529	0.0001979359
126.6	729529	0.0001735366
34.58	729529	4.74004460412129E-005
212.5	729529	0.0002912838
76.76	729529	0.0001052186
68.9	729529	9.44444977512888E-005
182.3	729529	0.0002498873
55.8	729529	7.64877064516969E-005
113	729529	0.0001548945
282.1	729529	0.0003866878
113.9	729529	0.0001561281
492.2	729529	0.0006746819
74.5	729529	0.0001021207
306	729529	0.0004194487
67	729529	9.18400776391343E-005
111.3	729529	0.0001525642
31.62	729529	0.000043343
62.4	729529	8.55346394728654E-005
86.5	729529	0.0001185697
125.1	729529	0.0001714805
87.5	729529	0.0001199404
91.5	729529	0.0001254234
52.9	729529	7.25125389120926E-005
82	729529	0.0001124013
332.5	729529	0.0004557735
74	729529	0.0001014353
113	729529	0.0001548945
55.8	729529	7.64877064516969E-005
53.4	729529	7.31979126258175E-005
84	729529	0.0001151428
63.3	729529	8.67683121575702E-005
55.27	729529	7.57612103151485E-005
319.6	729529	0.0004380909
259.4	729529	0.0003555719
102.6	729529	0.0001406387
65.7	729529	9.00581059834496E-005
158.3	729529	0.0002169893
139.4	729529	0.0001910822
5824	729529	0.007983233
101.7	729529	0.000139405
51	729529	6.9908118799938E-005
139.9	729529	0.0001917676
112.1	729529	0.0001536608
99.8	729529	0.0001368006
111.9	729529	0.0001533866
74.1	729529	0.0001015724
189.9	729529	0.0002603049
326.2	729529	0.0004471378
271	729529	0.0003714726
79.1	729529	0.0001084261
44.63	729529	6.1176457687083E-005
107.3	729529	0.0001470812
206.9	729529	0.0002836076
85.6	729529	0.000117336
52.5	729529	7.19642399411127E-005
108	729529	0.0001480407
230.8	729529	0.0003163685
211.4	729529	0.000289776
39.48	729529	5.41171084357167E-005
84.5	729529	0.0001158282
73.6	729529	0.000100887
283.7	729529	0.000388881
113.9	729529	0.0001561281
60.1	729529	8.23819203897309E-005
91.6	729529	0.0001255605
99	729529	0.000135704
66.2	729529	9.07434796971745E-005
102.5	729529	0.0001405016
70.6	729529	9.67747683779534E-005
153.9	729529	0.000210958
59.3	729529	8.12853224477711E-005
64.8	729529	8.88244332987448E-005
72.1	729529	9.88308895191281E-005
50.4	729529	6.90856703434682E-005
157.2	729529	0.0002154815
47.3	729529	6.48363533183739E-005
134.1	729529	0.0001838172
68.86	729529	9.43896678541908E-005
93	729529	0.0001274795
57.7	729529	7.90921265638515E-005
72.9	729529	9.99274874610879E-005
46.7	729529	6.40139048619041E-005
83.9	729529	0.0001150057
110.8	729529	0.0001518788
131.2	729529	0.0001798421
114.8	729529	0.0001573618
114.4	729529	0.0001568135
66.1	729529	9.06064049544295E-005
107.5	729529	0.0001473553
62.2	729529	8.52604899873754E-005
89.7	729529	0.000122956
141.1	729529	0.0001934125
73.4	729529	0.0001006129
78.94	729529	0.0001082068
63.5	729529	8.70424616430601E-005
480.1	729529	0.0006580958
19.43	729529	2.66336225153489E-005
63.3	729529	8.67683121575702E-005
100.5	729529	0.0001377601
63.4	729529	8.69053869003151E-005
112.4	729529	0.000154072
52.3	729529	7.16900904556227E-005
97.6	729529	0.0001337849
54.1	729529	7.41574358250323E-005
90.8	729529	0.0001244639
114.4	729529	0.0001568135
70.7	729529	9.69118431206984E-005
88.7	729529	0.0001215853
102.5	729529	0.0001405016
106.7	729529	0.0001462588
1.63	729529	2.23431830674312E-006
276.6	729529	0.0003791487
74.3	729529	0.0001018465
122.3	729529	0.0001676424
117.7	729529	0.000161337
46.62	729529	6.39042450677081E-005
46.8	729529	0.000064151
75.3	729529	0.0001032173
54.1	729529	7.41574358250323E-005
58.3	729529	7.99145750203213E-005
32.1	729529	0.000044001
66.8	729529	9.15659281536443E-005
0.23	729529	3.15271908313446E-007
130	729529	0.0001781972
308.6	729529	0.0004230127
0.99	729529	0.000001357
98.4	729529	0.0001348815
89.2	729529	0.0001222707
192.6	729529	0.000264006
52.6	729529	7.21013146838577E-005
43.1	729529	5.90792141230849E-005
231.2	729529	0.0003169168
101.1	729529	0.0001385826
77.7	729529	0.0001065071
40.65	729529	5.5720882925833E-005
80.3	729529	0.000110071
44.33	729529	6.07652334588481E-005
104.7	729529	0.0001435173
41.9	729529	5.74343172101452E-005
99.7	729529	0.0001366635
102.21	729529	0.0001401041
50.6	729529	6.93598198289581E-005
11986	729529	0.0164297787
74.1	729529	0.0001015724
92.9	729529	0.0001273424
98.7	729529	0.0001352928
75.7	729529	0.0001037656
38.9	729529	5.33220749277959E-005
160.8	729529	0.0002204162
68.6	729529	9.40332735230539E-005
46.9	729529	6.4288054347394E-005
67.5	729529	9.25254513528592E-005
20.41	729529	0.000027977
51.54	729529	7.06483224107609E-005
50.28	729529	6.89211806521742E-005
105.7	729529	0.000144888
83.5	729529	0.0001144574
49.65	729529	6.80576097728809E-005
77.5	729529	0.0001062329
130.4	729529	0.0001787455
92.9	729529	0.0001273424
93.1	729529	0.0001276166
318.7	729529	0.0004368572
47.7	729529	6.53846522893538E-005
56.4	729529	7.73101549081668E-005
52.1	729529	7.14159409701328E-005
54.5	729529	7.47057347960122E-005
73.6	729529	0.000100887
37.09	729529	0.000050841
79.1	729529	0.0001084261
63.2	729529	8.66312374148252E-005
99.3	729529	0.0001361152
224.9	729529	0.0003082811
65	729529	8.90985827842348E-005
59.58	729529	8.1669131727457E-005
80	729529	0.0001096598
57.4	729529	7.86809023356165E-005
81.4	729529	0.0001115788
67.6	729529	9.26625260956041E-005
83.3	729529	0.0001141833
87.9	729529	0.0001204887
93.2	729529	0.0001277537
62.2	729529	8.52604899873754E-005
34.65	729529	4.74963983611344E-005
63.33	729529	8.68094345803936E-005
132.8	729529	0.0001820353
53.7	729529	7.36091368540524E-005
62.5	729529	8.56717142156103E-005
106.5	729529	0.0001459846
61.5	729529	0.000084301
66.8	729529	9.15659281536443E-005
41.41	729529	5.67626509706948E-005
51.8	729529	7.10047167418978E-005
78.3	729529	0.0001073295
195	729529	0.0002672957
79.8	729529	0.0001093856
62.2	729529	8.52604899873754E-005
172.6	729529	0.000236591
43.07	729529	5.90380917002614E-005
40.23	729529	5.51451690063041E-005
226.3	729529	0.0003102001
84.9	729529	0.0001163765
119.1	729529	0.000163256
57.4	729529	7.86809023356165E-005
41.2	729529	5.64747940109303E-005
139.5	729529	0.0001912193
37.12	729529	5.08821445069353E-005
104.7	729529	0.0001435173
54	729529	7.40203610822873E-005
49.1	729529	6.73036986877835E-005
58.7	729529	8.04628739913012E-005
54.9	729529	0.000075254
97.5	729529	0.0001336479
84712	729529	0.1161187561
35.56	729529	4.87437785201137E-005
68.7	729529	9.41703482657989E-005
26.4	729529	3.61877320846738E-005
41.22	729529	5.65022089594793E-005
50.71	729529	6.95106020459776E-005
54.4	729529	7.45686600532672E-005
104	729529	0.0001425577
119.9	729529	0.0001643526
41.96	729529	5.75165620557922E-005
73.2	729529	0.0001003387
88.1	729529	0.0001207628
79.7	729529	0.0001092486
84.5	729529	0.0001158282
8079	729529	0.0110742685
59.8	729529	8.1970696161496E-005
93.5	729529	0.0001281649
104.9	729529	0.0001437914
29.25	729529	4.00943622529056E-005
68.6	729529	9.40332735230539E-005
89.7	729529	0.000122956
67.1	729529	9.19771523818793E-005
81.9	729529	0.0001122642
89.8	729529	0.0001230931
35.36	729529	4.84696290346237E-005
72.5	729529	9.9379188490108E-005
37.84	729529	5.18690826546991E-005
40.31	729529	5.52548288005E-005
34.26	729529	4.6961806864429E-005
49.72	729529	6.81535620928023E-005
42.02	729529	5.75988069014391E-005
75	729529	0.0001028061
47.44	729529	6.50282579582169E-005
57.91	729529	0.00007938
74.9	729529	0.000102669
66.5	729529	9.11547039254094E-005
43.4	729529	5.94904383513198E-005
101	729529	0.0001384455
48.3	729529	6.62071007458237E-005
80	729529	0.0001096598
88	729529	0.0001206258
233.8	729529	0.0003204807
76.1	729529	0.0001043139
51.9	729529	7.11417914846428E-005
69.5	729529	9.52669462077587E-005
170.5	729529	0.0002337124
38.98	729529	5.34317347219919E-005
40.15	729529	5.50355092121081E-005
65.1	729529	8.92356575269797E-005
57.8	729529	7.92292013065964E-005
36.76	729529	5.03886754330534E-005
54.1	729529	7.41574358250323E-005
67.7	729529	9.27996008383491E-005
35.08	729529	4.80858197549378E-005
22.36	729529	3.06499124777768E-005
20.9	729529	2.86486212337001E-005
25.23	729529	0.000034584
40.04	729529	5.48847269950886E-005
78	729529	0.0001069183
39.27	729529	5.38292514759523E-005
181.1	729529	0.0002482424
77.6	729529	0.00010637
81.9	729529	0.0001122642
59.4	729529	8.14223971905161E-005
107.8	729529	0.0001477666
31.5	729529	4.31785439646676E-005
60.56	729529	8.30124642063578E-005
50.45	729529	6.91542077148407E-005
52.4	729529	7.18271651983677E-005
41.15	729529	5.64062566395578E-005
163.9	729529	0.0002246655
49.85	729529	6.83317592583708E-005
78.6	729529	0.0001077407
39.72	729529	5.44460878183047E-005
28.4	729529	3.89292269395733E-005
95	729529	0.000130221
189.6	729529	0.0002598937
111.9	729529	0.0001533866
31.77	729529	4.3548645770079E-005
77.7	729529	0.0001065071
37.4	729529	0.000051266
51.81	729529	7.10184242161724E-005
42	729529	5.75713919528902E-005
39.86	729529	0.000054638
353.2	729529	0.000484148
16.35	729529	2.24117204388037E-005
42.4	729529	5.81196909238701E-005
154.4	729529	0.0002116434
54.1	729529	7.41574358250323E-005
108	729529	0.0001480407
60.2	729529	0.000082519
67.6	729529	9.26625260956041E-005
64.8	729529	8.88244332987448E-005
61.97	729529	8.4945218079062E-005
27.43	729529	3.75996019349471E-005
57.1	729529	7.82696781073816E-005
50.72	729529	6.95243095202521E-005
259.7	729529	0.0003559831
46.4	729529	6.36026806336691E-005
123.5	729529	0.0001692873
29.9	729529	4.0985348080748E-005
63	729529	8.63570879293352E-005
51	729529	6.9908118799938E-005
65.1	729529	8.92356575269797E-005
32.58	729529	0.000044659
103.8	729529	0.0001422836
70.01	729529	0.000095966
91.9	729529	0.0001259717
149.8	729529	0.000205338
50.2	729529	6.88115208579782E-005
70.1	729529	9.60893946642285E-005
51.76	729529	7.09498868447998E-005
74.1	729529	0.0001015724
96.9	729529	0.0001328254
50.14	729529	6.87292760123312E-005
39.11	729529	5.36099318875603E-005
51.08	729529	7.0017778594134E-005
96.3	729529	0.000132003
48.36	729529	6.62893455914707E-005
73.7	729529	0.0001010241
127.23	729529	0.0001744002
34.35	729529	4.70851741328994E-005
35.35	729529	4.84559215603492E-005
89	729529	0.0001219965
28.23	729529	3.86961998769069E-005
121.1	729529	0.0001659975
48	729529	6.57958765175887E-005
50.1	729529	6.86744461152333E-005
53.9	729529	7.38832863395424E-005
30.48	729529	4.17803815886689E-005
34.19	729529	4.68658545445075E-005
59.8	729529	8.1970696161496E-005
69.4	729529	9.51298714650137E-005
85.7	729529	0.0001174731
27.32	729529	3.74488197179276E-005
106.9	729529	0.0001465329
50.7	729529	6.94968945717031E-005
77.3	729529	0.0001059588
69.4	729529	9.51298714650137E-005
100	729529	0.0001370747
23.79	729529	3.26100812990299E-005
33.5	729529	0.00004592
135.3	729529	0.0001854621
58.7	729529	8.04628739913012E-005
49.76	729529	6.82083919899003E-005
44.24	729529	6.06418661903776E-005
94.7	729529	0.0001298098
114.3	729529	0.0001566764
74.5	729529	0.0001021207
32.78	729529	4.49331006718033E-005
39.53	729529	5.41856458070892E-005
120	729529	0.0001644897
37.9	729529	5.19513275003461E-005
58.2	729529	7.97775002775764E-005
71.7	729529	9.82825905481482E-005
46.32	729529	0.000063493
0.12	729529	1.64489691293972E-007
115.6	729529	0.0001584584
47.24	729529	6.47541084727269E-005
31.85	729529	4.3658305564275E-005
34.13	729529	4.67836096988605E-005
53.7	729529	7.36091368540524E-005
160	729529	0.0002193196
37.69	729529	5.16634705405817E-005
38.1	729529	5.22254769858361E-005
58.46	729529	8.01338946087133E-005
97.6	729529	0.0001337849
2.68	729529	3.67360310556537E-006
45.89	729529	6.29035994456697E-005
92.2	729529	0.0001263829
51.51	729529	7.06071999879374E-005
116.1	729529	0.0001591438
110.7	729529	0.0001517417
44.13	729529	6.04910839733582E-005
134.61	729529	0.0001845163
42.2	729529	5.78455414383801E-005
91.93	729529	0.0001260128
66.3	729529	9.08805544399194E-005
71.5	729529	9.80084410626582E-005
59.7	729529	8.1833621418751E-005
36.1	729529	0.000049484
146.1	729529	0.0002002662
33.38	729529	4.57555491282732E-005
207.9	729529	0.0002849784
126.8	729529	0.0001738108
2.08	729529	2.85115464909551E-006
8.36	729529	1.145944849348E-005
53	729529	7.26496136548376E-005
113.5	729529	0.0001555798
62.1	729529	8.51234152446305E-005
48.42	729529	6.63715904371176E-005
22.71	729529	3.11296740773842E-005
56	729529	7.67618559371869E-005
32.59	729529	4.46726586605879E-005
370.5	729529	0.0005078619
34.48	729529	4.72633712984679E-005
222.5	729529	0.0003049913
26.28	729529	3.60232423933798E-005
28.14	729529	3.85728326084364E-005
66.3	729529	9.08805544399194E-005
62.4	729529	8.55346394728654E-005
64.8	729529	8.88244332987448E-005
70.9	729529	0.000097186
48.4	729529	6.63441754885687E-005
33.3	729529	4.56458893340772E-005
11.72	729529	1.60651598497113E-005
41.32	729529	5.66392837022243E-005
44.3	729529	6.07241110360246E-005
56.3	729529	7.71730801654218E-005
33.1	729529	4.53717398485872E-005
28.92	729529	0.000039642
56.8	729529	7.78584538791467E-005
76.5	729529	0.0001048622
145.6	729529	0.0001995808
85.1	729529	0.0001166506
37.76	729529	5.17594228605031E-005
75.7	729529	0.0001037656
34.59	729529	4.74141535154874E-005
56.7	729529	7.77213791364017E-005
32.41	729529	4.44259241236469E-005
65	729529	8.90985827842348E-005
46.51	729529	6.37534628506886E-005
28.15	729529	3.85865400827109E-005
32.85	729529	4.50290529917248E-005
90.3	729529	0.0001237785
116.8	729529	0.0001601033
105.2	729529	0.0001442026
42.17	729529	5.78044190155566E-005
61.47	729529	8.42598443653371E-005
58.3	729529	7.99145750203213E-005
79.1	729529	0.0001084261
77.4	729529	0.0001060959
62.88	729529	8.61925982380413E-005
26.38	729529	3.61603171361248E-005
73.4	729529	0.0001006129
20.18	729529	2.76616830859363E-005
51.8	729529	7.10047167418978E-005
25.14	729529	3.44605903260871E-005
18.82	729529	2.57974665846046E-005
25.2	729529	3.45428351717341E-005
108.5	729529	0.0001487261
31.59	729529	4.33019112331381E-005
22.37	729529	3.06636199520513E-005
67.85	729529	9.30052129524666E-005
74.6	729529	0.0001022578
28.84	729529	3.95323558076512E-005
75.57	729529	0.0001035874
51.6	729529	7.07305672564079E-005
27.3	729529	3.74214047693786E-005
63.05	729529	8.64256253007077E-005
26.84	729529	3.67908609527517E-005
41	729529	5.62006445254404E-005
16.53	729529	2.26584549757446E-005
25.03	729529	3.43098081090676E-005
78	729529	0.0001069183
14.06	729529	1.92727088299437E-005
35.35	729529	4.84559215603492E-005
28.97	729529	3.97105529732197E-005
48.97	729529	6.7125501522215E-005
46.35	729529	6.35341432622966E-005
14.7	729529	0.00002015
50.98	729529	6.9880703851389E-005
28.07	729529	3.84768802885149E-005
30.47	729529	4.17666741143944E-005
26.12	729529	3.58039228049879E-005
50.21	729529	6.88252283322527E-005
66.8	729529	9.15659281536443E-005
26.52	729529	3.63522217759678E-005
18.92	729529	2.59345413273496E-005
53.87	729529	7.38421639167189E-005
27.46	729529	3.76407243577706E-005
20.27	729529	2.77850503544067E-005
53.3	729529	7.30608378830725E-005
34.78	729529	4.76745955267028E-005
70.6	729529	9.67747683779534E-005
14.46	729529	0.000019821
34.43	729529	4.71948339270954E-005
23.02	729529	3.15546057798936E-005
24.56	729529	3.36655568181662E-005
34.86	729529	4.77842553208988E-005
29.13	729529	3.99298725616117E-005
18.97	729529	2.6003078698722E-005
34.69	729529	4.75512282582324E-005
17.22	729529	2.3604270700685E-005
10.77	729529	1.4762949793634E-005
15.75	729529	2.15892719823338E-005
38.63	729529	0.000052952
35.47	729529	4.86204112516432E-005
87.7	729529	0.0001202145
32.84	729529	4.50153455174503E-005
67.3	729529	9.22513018673692E-005
24.03	729529	3.29390606816179E-005
332.6	729529	0.0004559106
28.74	729529	3.93952810649063E-005
251	729529	0.0003440576
25.22	729529	3.45702501202831E-005
51.3	729529	7.0319343028173E-005
58.3	729529	7.99145750203213E-005
20.31	729529	2.78398802515047E-005
31.9	729529	4.37268429356475E-005
11.83	729529	1.62159420667307E-005
36.1	729529	0.000049484
44.43	729529	6.09023082015931E-005
43.4	729529	5.94904383513198E-005
33.74	729529	0.000046249
19.52	729529	0.000026757
14.15	729529	1.93960760984142E-005
18.13	729529	2.48516508596642E-005
15.78	729529	2.16303944051573E-005
23	729529	3.15271908313446E-005
17.35	729529	2.37824678662534E-005
16.77	729529	2.29874343583326E-005
19.64	729529	2.69214794751134E-005
64.1	729529	8.786491009953E-005
24.29	729529	3.32954550127548E-005
25.3	729529	3.46799099144791E-005
31.84	729529	4.36445980900005E-005
94.2	729529	0.0001291244
27.91	729529	3.8257560700123E-005
26.43	729529	3.62288545074973E-005
21.05	729529	2.88542333478176E-005
30.53	729529	4.18489189600413E-005
19.76	729529	0.000027086
29.21	729529	4.00395323558077E-005
16.49	729529	2.26036250786466E-005
50.3	729529	6.89485956007232E-005
26.83	729529	3.67771534784772E-005
27.01	729529	3.70238880154182E-005
95.1	729529	0.0001303581
26.76	729529	3.66812011585557E-005
51.4	729529	7.04564177709179E-005
37.14	729529	5.09095594554843E-005
3.92	729529	5.37332991560308E-006
15.06	729529	2.06434562573935E-005
19.53	729529	2.67706972580939E-005
17.65	729529	2.41936920944884E-005
28.86	729529	3.95597707562002E-005
19.46	729529	2.66747449381724E-005
169.4	729529	0.0002322046
47.2	729529	6.46992785756289E-005
10.35	729529	1.41872358741051E-005
19.7	729529	2.70037243207604E-005
16.04	729529	2.19867887362942E-005
38.42	729529	5.266411616262E-005
55.7	729529	7.63506317089519E-005
0.46	729529	6.30543816626892E-007
22.22	729529	0.000030458
47.1	729529	6.4562203832884E-005
83.4	729529	0.0001143203
16.5	729529	2.26173325529211E-005
52.2	729529	0.000071553
14.09	729529	1.93138312527672E-005
24.12	729529	3.30624279500883E-005
140.1	729529	0.0001920417
37.3	729529	5.11288790438763E-005
17.36	729529	2.37961753405279E-005
34.01	729529	4.66191200075665E-005
30.44	729529	4.17255516915709E-005
40.2	729529	0.000055104
30.31	729529	4.15473545260024E-005
47.7	729529	6.53846522893538E-005
101.07	729529	0.0001385414
34.51	729529	4.73044937212914E-005
56.7	729529	7.77213791364017E-005
18.27	729529	2.50435554995072E-005
30.18	729529	4.13691573604339E-005
26.29	729529	3.60369498676543E-005
20.86	729529	2.85937913366021E-005
33.41	729529	4.57966715510967E-005
61.1	729529	8.37526678171807E-005
43.7	729529	5.99016625795548E-005
43.66	729529	5.98468326824568E-005
39.1	729529	5.35962244132858E-005
30.42	729529	4.16981367430219E-005
34.39	729529	0.00004714
29.7	729529	4.0711198595258E-005
14.68	729529	2.01225722349626E-005
14.49	729529	1.98621302237471E-005
33.9	729529	4.6468337790547E-005
16.5	729529	2.26173325529211E-005
29.53	729529	4.04781715325916E-005
41.21	729529	5.64885014852048E-005
31.66	729529	4.33978635530596E-005
28.03	729529	3.84220503914169E-005
68.9	729529	9.44444977512888E-005
35.05	729529	4.80446973321143E-005
67.56	729529	9.26076961985062E-005
46.14	729529	6.32462863025322E-005
45.33	729529	0.000062136
21.71	729529	2.97589266499344E-005
13.03	729529	1.78608389796704E-005
18.83	729529	2.58111740588791E-005
26.81	729529	3.67497385299282E-005
8.48	729529	1.1623938184774E-005
77.5	729529	0.0001062329
77.5	729529	0.0001062329
35.23	729529	4.82914318690552E-005
41.82	729529	5.73246574159492E-005
37.8	729529	5.18142527576011E-005
24.47	729529	3.35421895496958E-005
31.9	729529	4.37268429356475E-005
54.76	729529	7.50621291271492E-005
65.5	729529	0.000089784
46.7	729529	6.40139048619041E-005
47.7	729529	6.53846522893538E-005
26.63	729529	0.000036503
23.38	729529	3.20480748537755E-005
24.08	729529	3.30075980529904E-005
26.49	729529	3.63110993531443E-005
41.7	729529	5.71601677246552E-005
36.22	729529	4.96484718222305E-005
24.19	729529	3.31583802700098E-005
74.5	729529	0.0001021207
0.09	729529	1.23367268470479E-007
47.33	729529	6.48774757411974E-005
42.74	729529	5.8585745049203E-005
74.5	729529	0.0001021207
18.03	729529	2.47145761169193E-005
63.7	729529	8.73166111285501E-005
35.91	729529	4.92235401197211E-005
45.38	729529	6.22045182576704E-005
33	729529	4.52346651058423E-005
16.39	729529	2.24665503359017E-005
22.7	729529	0.000031116
57.2	729529	7.84067528501266E-005
35	729529	4.79761599607418E-005
13.88	729529	0.000019026
19.27	729529	2.6414302926957E-005
40	729529	5.48298970979906E-005
125.9	729529	0.0001725771
35.28	729529	0.00004836
105.6	729529	0.0001447509
33.48	729529	4.58926238710181E-005
30.09	729529	4.12457900919635E-005
30.34	729529	4.15884769488259E-005
24.4	729529	3.34462372297743E-005
45.02	729529	0.000061711
64.2	729529	0.000088002
65.1	729529	8.92356575269797E-005
